item,color_score,shape_score,wrinkle_score,mark_score,freshness_score
Apple,36.78,13.2,-1094.44,94.68,10
Apple,36.39,11.16,-1169.85,95.58,10
Apple,36.35,13.25,-1082.68,96.45,10
Apple,38.64,12.59,-1196.42,95.78,10
Apple,30.41,10.06,-1070.32,92.68,10
Apple,37.03,10.02,-1112.13,99.59,10
Apple,33.21,12.87,-1151.41,90.5,10
Apple,36.3,14.36,-1046.36,90.39,10
Apple,35.41,12.07,-1168.55,97.03,10
Apple,39.3,13.89,-1176.76,91.93,10
Apple,34.16,12.8,-1136.85,94.47,10
Apple,38.95,14.05,-1003.18,97.73,10
Apple,37.98,10.5,-1007.47,96.91,10
Apple,35.25,13.09,-1168.9,97.43,10
Apple,38.54,10.58,-1119.0,93.18,10
Apple,38.88,11.48,-1113.15,90.16,10
Apple,39.49,12.12,-1148.86,93.45,10
Apple,35.63,14.97,-1050.92,95.6,10
Apple,39.97,10.99,-1096.8,97.77,10
Apple,35.36,12.18,-1182.85,96.95,10
Apple,38.4,13.72,-1080.08,99.76,10
Apple,38.84,10.06,-1072.27,96.7,10
Apple,31.91,13.34,-1110.4,99.19,10
Apple,30.55,14.61,-1076.84,92.08,10
Apple,39.53,13.8,-1008.89,96.09,10
Apple,31.09,10.87,-1086.56,98.59,10
Apple,38.44,11.5,-1091.15,92.66,10
Apple,33.34,11.95,-1049.03,90.95,10
Apple,39.08,11.37,-1073.02,91.64,10
Apple,36.55,10.42,-1052.44,90.06,10
Apple,35.16,14.91,-1188.47,98.51,10
Apple,30.72,10.66,-1155.82,95.04,10
Apple,36.34,12.66,-1055.39,99.12,10
Apple,31.27,12.25,-1101.13,90.23,10
Apple,35.88,10.71,-1049.02,96.94,10
Apple,36.92,13.62,-1057.39,95.9,10
Apple,35.24,11.69,-1101.76,99.24,10
Apple,35.32,12.92,-1092.73,92.63,10
Apple,38.5,12.17,-1199.27,92.23,10
Apple,36.15,10.26,-1022.53,95.48,10
Apple,36.44,12.34,-1019.21,94.08,10
Apple,31.72,14.46,-1042.73,98.55,10
Apple,35.79,11.04,-1116.31,96.1,10
Apple,33.34,14.11,-1126.88,91.61,10
Apple,35.75,13.32,-1124.92,91.05,10
Apple,39.82,14.98,-1042.48,99.61,10
Apple,35.15,11.22,-1109.75,93.84,10
Apple,30.37,10.26,-1126.75,92.98,10
Apple,30.92,13.56,-1053.46,90.47,10
Apple,37.62,10.53,-1120.89,93.92,10
Apple,19.81,15.28,-1318.51,74.46,7
Apple,12.01,18.98,-1328.41,80.85,7
Apple,12.73,18.98,-1495.25,75.57,7
Apple,16.88,15.87,-1454.4,80.37,7
Apple,13.57,18.0,-1460.19,74.4,7
Apple,19.08,18.25,-1396.2,71.61,7
Apple,14.66,19.76,-1356.45,78.4,7
Apple,16.39,16.17,-1468.33,75.42,7
Apple,12.4,16.7,-1422.44,74.89,7
Apple,11.41,17.83,-1451.14,71.25,7
Apple,19.08,19.16,-1354.14,84.09,7
Apple,13.45,19.86,-1412.41,84.17,7
Apple,18.29,17.77,-1452.49,82.9,7
Apple,12.12,15.74,-1391.46,77.4,7
Apple,19.45,16.02,-1494.36,76.19,7
Apple,15.84,16.64,-1371.37,74.14,7
Apple,16.51,16.61,-1312.02,84.36,7
Apple,15.4,19.59,-1340.21,83.72,7
Apple,14.62,17.14,-1407.85,72.05,7
Apple,15.69,17.29,-1390.01,79.59,7
Apple,10.85,18.19,-1358.93,78.49,7
Apple,11.39,19.42,-1344.94,75.13,7
Apple,12.06,16.75,-1302.74,81.5,7
Apple,15.57,19.38,-1469.14,72.18,7
Apple,15.57,17.24,-1452.86,76.69,7
Apple,11.38,19.35,-1393.98,79.11,7
Apple,11.64,15.59,-1455.08,72.51,7
Apple,18.69,18.06,-1345.64,83.66,7
Apple,12.9,16.94,-1308.18,75.02,7
Apple,19.6,15.08,-1322.72,78.08,7
Apple,19.03,19.01,-1460.94,74.07,7
Apple,17.45,16.42,-1451.7,70.23,7
Apple,13.85,16.64,-1471.16,77.26,7
Apple,18.49,15.77,-1388.24,82.68,7
Apple,12.4,16.59,-1340.51,74.8,7
Apple,18.22,18.49,-1432.99,78.06,7
Apple,12.44,16.93,-1473.77,83.89,7
Apple,15.34,19.05,-1371.19,80.02,7
Apple,18.46,15.23,-1434.76,74.31,7
Apple,10.6,18.31,-1369.83,81.88,7
Apple,19.26,17.03,-1359.11,84.42,7
Apple,15.36,16.84,-1411.45,75.15,7
Apple,19.87,17.44,-1476.6,76.15,7
Apple,12.11,16.14,-1374.6,84.7,7
Apple,11.79,19.66,-1416.62,80.87,7
Apple,17.77,19.47,-1401.67,84.98,7
Apple,13.7,15.71,-1475.64,76.43,7
Apple,17.7,18.03,-1483.62,72.71,7
Apple,12.04,18.06,-1451.46,84.31,7
Apple,13.4,16.27,-1310.11,71.31,7
Apple,17.82,19.35,-1410.48,84.91,4
Apple,14.7,15.66,-1434.88,77.32,4
Apple,13.96,18.19,-1355.43,70.76,4
Apple,18.05,17.61,-1493.06,73.23,4
Apple,19.13,15.04,-1339.04,81.02,4
Apple,14.93,17.11,-1307.34,77.84,4
Apple,17.6,18.59,-1383.34,81.69,4
Apple,17.34,17.59,-1401.5,78.24,4
Apple,11.29,16.73,-1396.56,83.61,4
Apple,15.87,15.59,-1425.61,77.16,4
Apple,11.93,18.76,-1470.81,73.72,4
Apple,19.98,18.48,-1473.15,74.64,4
Apple,15.01,17.77,-1444.4,77.4,4
Apple,16.63,15.72,-1440.17,84.5,4
Apple,18.7,16.21,-1445.85,75.53,4
Apple,17.0,16.86,-1340.55,76.62,4
Apple,11.79,17.8,-1464.18,77.18,4
Apple,11.88,15.92,-1333.49,84.23,4
Apple,11.38,15.1,-1443.01,80.59,4
Apple,15.3,16.59,-1366.26,82.15,4
Apple,12.02,15.89,-1388.06,75.24,4
Apple,18.08,19.51,-1496.64,81.98,4
Apple,16.07,17.46,-1486.13,80.73,4
Apple,13.91,19.02,-1465.05,72.51,4
Apple,16.53,17.11,-1349.92,75.88,4
Apple,14.84,16.86,-1327.56,76.81,4
Apple,14.91,19.85,-1347.95,76.43,4
Apple,11.01,19.51,-1440.92,71.84,4
Apple,12.34,18.53,-1441.95,75.99,4
Apple,10.19,17.44,-1410.75,82.79,4
Apple,11.03,16.57,-1326.65,81.52,4
Apple,17.12,15.13,-1437.29,82.38,4
Apple,10.65,20.0,-1365.99,77.7,4
Apple,15.9,17.97,-1346.09,71.98,4
Apple,16.17,19.52,-1490.23,80.32,4
Apple,13.34,16.08,-1437.87,70.09,4
Apple,19.77,19.78,-1480.95,75.26,4
Apple,13.29,16.35,-1464.0,83.62,4
Apple,19.58,15.06,-1489.36,84.44,4
Apple,18.5,16.9,-1477.54,75.22,4
Apple,18.75,16.38,-1379.14,72.44,4
Apple,15.75,15.99,-1337.51,71.34,4
Apple,13.85,16.19,-1352.16,82.48,4
Apple,12.61,18.47,-1351.17,76.6,4
Apple,18.73,19.07,-1422.81,72.34,4
Apple,14.52,19.3,-1457.4,80.47,4
Apple,17.01,17.03,-1322.72,70.12,4
Apple,11.59,17.53,-1386.7,71.66,4
Apple,18.94,16.88,-1426.52,80.32,4
Apple,11.05,15.39,-1327.57,70.21,4
Apple,10.86,15.23,-1411.14,75.17,1
Apple,15.74,16.6,-1497.4,73.69,1
Apple,12.25,19.14,-1320.63,79.99,1
Apple,11.03,19.03,-1425.8,73.39,1
Apple,12.12,18.14,-1475.03,77.07,1
Apple,13.21,18.32,-1353.85,71.74,1
Apple,19.18,19.63,-1325.07,74.26,1
Apple,14.5,18.55,-1344.18,75.08,1
Apple,15.57,19.41,-1396.71,71.07,1
Apple,13.99,19.75,-1464.77,80.04,1
Apple,17.97,19.65,-1384.49,76.16,1
Apple,13.96,19.44,-1406.85,77.52,1
Apple,12.1,15.74,-1339.09,70.26,1
Apple,10.37,15.35,-1480.78,73.31,1
Apple,12.86,19.52,-1369.42,75.61,1
Apple,10.38,19.04,-1435.47,76.2,1
Apple,15.53,19.92,-1373.68,81.75,1
Apple,17.19,15.01,-1446.71,83.25,1
Apple,15.93,15.43,-1412.07,75.53,1
Apple,19.99,17.4,-1448.06,82.09,1
Apple,17.96,16.78,-1414.6,83.78,1
Apple,15.96,18.85,-1394.79,75.19,1
Apple,10.76,19.22,-1359.52,74.36,1
Apple,11.27,15.38,-1316.35,72.34,1
Apple,13.01,17.37,-1405.53,82.65,1
Apple,16.3,16.74,-1331.35,72.26,1
Apple,14.59,19.54,-1431.85,73.69,1
Apple,13.85,17.99,-1495.64,78.36,1
Apple,16.89,16.93,-1477.58,77.44,1
Apple,14.66,16.98,-1499.83,79.16,1
Apple,11.19,18.83,-1420.11,81.73,1
Apple,12.92,18.27,-1324.57,81.0,1
Apple,19.18,16.19,-1393.27,70.64,1
Apple,12.58,16.01,-1377.18,71.4,1
Apple,16.09,16.31,-1454.67,77.86,1
Apple,18.5,17.0,-1384.37,71.63,1
Apple,18.13,18.86,-1357.58,81.3,1
Apple,17.72,18.85,-1388.97,71.61,1
Apple,16.01,18.86,-1411.64,81.93,1
Apple,17.64,15.12,-1480.54,82.16,1
Apple,13.93,18.39,-1330.8,80.09,1
Apple,15.3,17.16,-1375.49,75.04,1
Apple,11.2,18.31,-1469.23,83.84,1
Apple,12.49,19.03,-1445.91,77.53,1
Apple,18.58,20.0,-1414.27,81.15,1
Apple,13.99,19.29,-1326.25,84.12,1
Apple,15.8,16.46,-1467.79,83.42,1
Apple,13.13,17.33,-1310.0,82.22,1
Apple,19.86,17.78,-1319.71,80.04,1
Apple,12.46,19.31,-1415.91,77.64,1
Banana,33.0,12.22,-1177.06,94.29,10
Banana,33.87,10.61,-1081.45,93.45,10
Banana,30.04,13.95,-1135.29,97.55,10
Banana,36.91,12.09,-1114.05,91.81,10
Banana,39.6,13.31,-1172.57,99.48,10
Banana,30.95,11.34,-1167.43,94.29,10
Banana,37.79,13.78,-1173.18,90.01,10
Banana,38.15,14.63,-1030.78,97.83,10
Banana,37.72,13.55,-1168.42,95.77,10
Banana,31.56,11.19,-1112.02,96.49,10
Banana,35.32,11.41,-1146.71,97.24,10
Banana,34.48,13.11,-1150.26,92.3,10
Banana,37.5,14.36,-1079.94,93.8,10
Banana,34.8,12.49,-1096.94,96.11,10
Banana,34.58,10.31,-1103.16,95.12,10
Banana,38.84,14.65,-1152.82,99.89,10
Banana,34.91,12.39,-1165.72,92.78,10
Banana,38.48,10.64,-1122.05,91.01,10
Banana,34.59,14.71,-1056.56,95.67,10
Banana,32.26,13.61,-1035.29,94.33,10
Banana,37.9,10.39,-1193.18,96.73,10
Banana,36.48,12.66,-1015.16,94.05,10
Banana,32.71,14.11,-1078.52,95.36,10
Banana,39.17,14.18,-1103.27,98.9,10
Banana,33.85,10.5,-1183.2,92.43,10
Banana,39.11,12.3,-1115.79,96.15,10
Banana,35.22,14.51,-1198.74,98.73,10
Banana,39.34,10.43,-1057.76,94.6,10
Banana,37.45,12.96,-1186.96,98.71,10
Banana,36.17,13.94,-1133.81,99.66,10
Banana,39.68,11.11,-1093.67,98.51,10
Banana,37.92,10.34,-1016.8,97.77,10
Banana,33.99,11.22,-1017.86,97.49,10
Banana,33.26,12.0,-1189.17,93.53,10
Banana,36.73,13.07,-1039.12,97.16,10
Banana,36.8,14.18,-1139.42,93.68,10
Banana,33.27,11.35,-1007.97,94.68,10
Banana,37.23,12.17,-1176.09,98.73,10
Banana,32.35,12.8,-1167.2,96.94,10
Banana,32.67,10.61,-1007.08,95.05,10
Banana,36.76,11.64,-1018.81,90.84,10
Banana,37.71,10.9,-1115.23,93.77,10
Banana,35.2,13.01,-1059.93,90.2,10
Banana,39.8,11.28,-1193.13,90.56,10
Banana,31.17,10.04,-1096.67,96.39,10
Banana,31.84,12.51,-1064.79,97.42,10
Banana,30.78,14.33,-1026.31,98.08,10
Banana,39.36,14.37,-1059.45,92.16,10
Banana,35.7,12.18,-1175.28,91.46,10
Banana,31.54,14.06,-1101.18,90.57,10
Banana,19.6,15.68,-1390.2,73.73,7
Banana,14.53,18.16,-1354.2,80.37,7
Banana,11.02,18.14,-1428.37,71.83,7
Banana,19.0,19.07,-1385.48,84.21,7
Banana,14.09,18.73,-1406.06,83.85,7
Banana,11.77,16.05,-1437.82,83.18,7
Banana,18.95,17.62,-1483.58,74.2,7
Banana,10.72,16.21,-1437.27,75.94,7
Banana,19.97,18.08,-1370.8,77.21,7
Banana,13.08,17.59,-1495.21,71.06,7
Banana,16.63,17.14,-1496.77,81.75,7
Banana,11.98,18.78,-1468.02,79.22,7
Banana,13.78,18.69,-1451.12,83.72,7
Banana,10.33,17.7,-1344.4,73.65,7
Banana,18.92,16.52,-1400.34,71.77,7
Banana,11.95,15.68,-1404.99,80.59,7
Banana,17.44,19.65,-1414.71,80.98,7
Banana,16.74,16.87,-1428.16,80.56,7
Banana,12.28,15.47,-1390.56,84.36,7
Banana,18.89,18.86,-1413.17,71.46,7
Banana,18.38,18.41,-1301.06,79.31,7
Banana,11.57,15.32,-1481.8,82.9,7
Banana,19.12,19.31,-1390.74,71.85,7
Banana,19.53,15.06,-1451.38,84.61,7
Banana,19.39,15.42,-1399.35,80.88,7
Banana,15.64,16.69,-1420.82,78.67,7
Banana,17.43,16.47,-1422.84,80.41,7
Banana,18.02,17.87,-1335.5,83.93,7
Banana,16.32,17.21,-1446.51,82.54,7
Banana,13.81,16.45,-1450.93,82.25,7
Banana,13.23,18.34,-1468.51,80.66,7
Banana,13.78,19.85,-1438.27,82.77,7
Banana,14.42,17.15,-1320.58,80.37,7
Banana,10.11,17.53,-1388.21,76.92,7
Banana,18.63,15.41,-1330.33,70.25,7
Banana,12.14,18.08,-1428.74,72.56,7
Banana,18.09,16.73,-1487.39,74.22,7
Banana,15.86,17.69,-1458.79,83.84,7
Banana,18.7,15.69,-1494.25,83.19,7
Banana,19.33,16.68,-1364.29,82.24,7
Banana,15.58,16.61,-1488.21,72.58,7
Banana,12.19,16.72,-1487.95,79.51,7
Banana,10.84,19.43,-1482.82,83.25,7
Banana,14.64,19.86,-1333.06,73.79,7
Banana,15.01,15.02,-1348.79,73.19,7
Banana,10.41,15.02,-1330.85,84.39,7
Banana,12.66,16.55,-1321.77,76.87,7
Banana,15.94,17.87,-1377.45,73.58,7
Banana,12.84,18.12,-1416.82,75.04,7
Banana,19.72,15.57,-1444.48,84.11,7
Banana,17.42,17.99,-1342.52,81.27,4
Banana,12.59,18.56,-1311.96,83.5,4
Banana,13.99,17.96,-1402.15,72.89,4
Banana,19.29,18.05,-1331.32,83.48,4
Banana,18.88,16.13,-1365.51,71.0,4
Banana,12.3,16.83,-1462.72,81.73,4
Banana,17.39,16.76,-1440.5,71.33,4
Banana,10.15,16.49,-1456.42,80.83,4
Banana,10.38,16.65,-1395.83,74.35,4
Banana,13.63,16.15,-1360.7,78.18,4
Banana,18.21,15.96,-1389.95,75.34,4
Banana,18.63,17.1,-1488.92,70.45,4
Banana,14.7,16.35,-1493.27,73.47,4
Banana,17.37,16.14,-1399.9,77.39,4
Banana,14.21,18.16,-1403.3,74.96,4
Banana,11.88,17.42,-1422.34,78.68,4
Banana,12.81,16.04,-1437.34,75.62,4
Banana,12.58,18.44,-1382.51,79.6,4
Banana,11.95,19.8,-1344.04,80.63,4
Banana,10.61,18.45,-1481.56,76.03,4
Banana,18.25,18.9,-1306.09,72.25,4
Banana,19.49,17.66,-1461.12,72.05,4
Banana,11.41,16.04,-1499.67,84.64,4
Banana,19.63,16.82,-1335.08,74.42,4
Banana,13.73,18.86,-1315.18,77.43,4
Banana,18.93,17.61,-1310.14,77.07,4
Banana,18.48,19.59,-1436.74,75.08,4
Banana,11.91,16.64,-1395.02,74.14,4
Banana,16.63,16.7,-1430.68,73.25,4
Banana,19.64,15.19,-1447.68,72.12,4
Banana,16.85,16.21,-1365.74,80.07,4
Banana,14.49,19.82,-1349.03,73.24,4
Banana,12.75,18.85,-1310.45,70.66,4
Banana,11.68,15.58,-1444.72,82.74,4
Banana,17.68,16.68,-1328.62,70.89,4
Banana,19.83,15.83,-1370.14,82.64,4
Banana,14.9,18.74,-1393.2,70.74,4
Banana,19.11,16.05,-1342.64,83.29,4
Banana,18.17,17.03,-1305.71,73.19,4
Banana,13.23,17.46,-1332.9,82.82,4
Banana,18.66,19.31,-1444.27,81.66,4
Banana,12.89,15.07,-1437.84,73.39,4
Banana,12.91,16.95,-1491.07,76.84,4
Banana,17.12,19.93,-1446.82,70.82,4
Banana,16.6,15.86,-1347.51,70.26,4
Banana,17.98,17.77,-1421.35,71.19,4
Banana,16.25,17.94,-1336.27,80.63,4
Banana,15.6,19.14,-1402.92,73.05,4
Banana,13.34,15.35,-1441.1,70.19,4
Banana,16.9,16.97,-1498.03,84.15,4
Banana,16.87,17.6,-1429.77,83.74,1
Banana,10.19,19.75,-1351.37,84.07,1
Banana,11.49,19.64,-1321.19,78.17,1
Banana,14.35,16.65,-1424.16,82.64,1
Banana,14.07,15.74,-1466.1,83.18,1
Banana,17.94,18.45,-1499.94,75.58,1
Banana,10.53,16.2,-1352.16,78.42,1
Banana,10.08,15.99,-1450.15,73.91,1
Banana,12.34,18.71,-1427.92,73.56,1
Banana,17.76,15.39,-1439.03,80.85,1
Banana,11.17,16.63,-1305.95,81.23,1
Banana,13.25,17.81,-1394.33,77.11,1
Banana,20.0,15.9,-1430.63,79.63,1
Banana,15.67,18.83,-1321.83,78.95,1
Banana,17.36,19.94,-1332.12,74.01,1
Banana,11.31,17.53,-1403.77,73.95,1
Banana,11.17,19.76,-1399.83,83.7,1
Banana,19.13,18.5,-1398.85,77.45,1
Banana,15.96,19.34,-1387.42,70.78,1
Banana,18.86,17.58,-1407.04,83.79,1
Banana,10.05,17.3,-1391.08,84.79,1
Banana,13.53,18.87,-1439.92,81.46,1
Banana,17.44,18.96,-1380.82,75.9,1
Banana,10.59,19.49,-1345.45,76.56,1
Banana,13.73,19.04,-1370.04,76.72,1
Banana,15.36,18.09,-1327.75,80.85,1
Banana,16.82,18.32,-1316.94,76.47,1
Banana,19.33,16.87,-1376.2,72.19,1
Banana,17.89,15.03,-1458.81,77.03,1
Banana,11.51,16.74,-1494.03,81.48,1
Banana,19.14,15.9,-1497.88,72.79,1
Banana,16.99,16.48,-1491.19,82.79,1
Banana,11.56,16.81,-1487.26,80.14,1
Banana,10.5,17.33,-1349.0,71.13,1
Banana,18.19,17.36,-1452.84,75.73,1
Banana,11.29,16.78,-1406.89,71.74,1
Banana,12.88,17.58,-1439.7,80.28,1
Banana,18.65,17.88,-1498.48,77.41,1
Banana,18.39,19.02,-1466.84,82.75,1
Banana,15.96,17.77,-1415.76,75.42,1
Banana,15.1,18.55,-1441.27,77.1,1
Banana,18.14,18.45,-1328.97,81.4,1
Banana,11.17,19.93,-1397.09,84.47,1
Banana,13.57,19.72,-1312.22,84.86,1
Banana,11.01,17.45,-1349.56,73.84,1
Banana,17.01,15.94,-1467.26,84.16,1
Banana,10.77,19.03,-1336.35,74.09,1
Banana,16.95,17.01,-1435.11,71.44,1
Banana,14.51,17.85,-1309.27,71.16,1
Banana,10.78,18.78,-1430.58,80.21,1
Tomato,35.12,12.61,-1183.66,91.05,10
Tomato,37.01,10.88,-1155.16,95.88,10
Tomato,36.2,13.04,-1089.45,91.87,10
Tomato,36.0,13.41,-1172.18,90.91,10
Tomato,37.81,12.31,-1035.04,97.62,10
Tomato,32.42,11.1,-1072.76,91.1,10
Tomato,31.76,12.8,-1114.81,92.26,10
Tomato,31.91,11.28,-1199.73,92.6,10
Tomato,36.26,13.62,-1019.62,94.67,10
Tomato,34.28,14.8,-1128.89,98.0,10
Tomato,37.56,11.99,-1107.14,92.32,10
Tomato,35.44,12.18,-1172.03,98.37,10
Tomato,34.91,10.67,-1020.17,90.55,10
Tomato,32.94,11.45,-1073.85,90.09,10
Tomato,37.13,11.35,-1127.73,98.79,10
Tomato,35.16,13.25,-1108.68,99.48,10
Tomato,34.91,12.6,-1014.24,97.16,10
Tomato,35.12,11.67,-1136.5,95.91,10
Tomato,30.19,13.22,-1036.01,90.47,10
Tomato,34.9,11.71,-1128.95,93.38,10
Tomato,33.59,13.42,-1039.3,92.71,10
Tomato,37.9,14.77,-1149.94,95.78,10
Tomato,32.64,10.08,-1045.19,94.5,10
Tomato,34.27,11.67,-1072.31,90.12,10
Tomato,36.25,14.63,-1185.63,92.39,10
Tomato,31.33,13.3,-1078.01,98.49,10
Tomato,32.02,11.14,-1184.08,93.72,10
Tomato,39.83,14.23,-1023.9,99.51,10
Tomato,32.47,12.16,-1151.6,99.12,10
Tomato,30.5,12.5,-1190.09,98.08,10
Tomato,30.34,11.71,-1181.43,93.75,10
Tomato,37.94,10.32,-1132.12,95.17,10
Tomato,31.06,12.81,-1056.25,96.44,10
Tomato,39.6,10.58,-1122.0,96.53,10
Tomato,36.68,12.0,-1158.85,94.81,10
Tomato,34.91,12.61,-1146.72,99.93,10
Tomato,39.96,11.71,-1047.65,98.39,10
Tomato,36.18,12.69,-1074.16,97.52,10
Tomato,32.2,14.93,-1077.32,92.65,10
Tomato,35.07,14.68,-1151.15,98.14,10
Tomato,37.29,10.68,-1135.4,93.44,10
Tomato,30.36,13.44,-1146.6,91.05,10
Tomato,35.85,12.16,-1086.28,93.45,10
Tomato,33.0,11.6,-1016.58,96.39,10
Tomato,30.09,13.33,-1182.71,91.66,10
Tomato,33.45,11.02,-1075.86,91.61,10
Tomato,31.12,12.48,-1095.23,90.92,10
Tomato,39.43,14.56,-1012.66,95.28,10
Tomato,36.63,10.51,-1101.1,97.97,10
Tomato,36.25,11.13,-1013.78,92.4,10
Tomato,19.96,18.3,-1406.14,71.07,7
Tomato,16.43,19.94,-1300.29,78.37,7
Tomato,16.54,17.65,-1437.5,82.22,7
Tomato,18.26,17.91,-1340.55,82.68,7
Tomato,13.78,16.62,-1451.06,75.08,7
Tomato,14.58,17.86,-1375.79,78.85,7
Tomato,14.03,17.14,-1361.36,83.94,7
Tomato,14.49,18.04,-1360.81,83.47,7
Tomato,16.58,17.21,-1466.93,74.89,7
Tomato,15.93,17.35,-1410.51,81.29,7
Tomato,20.0,17.17,-1334.6,77.34,7
Tomato,17.09,19.11,-1408.41,78.2,7
Tomato,16.54,17.4,-1454.3,83.61,7
Tomato,14.89,15.64,-1389.0,84.71,7
Tomato,10.39,16.51,-1482.59,72.77,7
Tomato,18.59,18.57,-1341.49,78.09,7
Tomato,13.73,18.01,-1409.58,84.74,7
Tomato,14.47,17.55,-1359.42,84.41,7
Tomato,19.53,18.71,-1310.33,81.08,7
Tomato,11.08,16.01,-1430.93,81.15,7
Tomato,17.95,19.39,-1315.01,73.84,7
Tomato,15.31,18.5,-1342.24,76.18,7
Tomato,11.42,17.68,-1367.15,82.35,7
Tomato,17.79,16.7,-1492.75,80.02,7
Tomato,15.5,15.06,-1403.55,82.25,7
Tomato,19.25,18.84,-1425.22,75.78,7
Tomato,13.25,15.65,-1329.14,82.74,7
Tomato,15.35,17.59,-1313.52,70.45,7
Tomato,13.23,19.98,-1316.94,71.46,7
Tomato,18.27,17.91,-1430.49,80.66,7
Tomato,12.82,16.55,-1397.78,81.51,7
Tomato,16.09,17.19,-1437.42,74.11,7
Tomato,10.37,17.72,-1337.21,73.85,7
Tomato,12.51,15.14,-1337.31,80.32,7
Tomato,19.06,16.66,-1367.27,71.23,7
Tomato,19.76,18.88,-1314.12,72.88,7
Tomato,13.0,19.35,-1408.11,80.8,7
Tomato,19.92,15.63,-1336.92,79.42,7
Tomato,15.65,17.97,-1304.74,76.81,7
Tomato,13.02,17.94,-1334.86,71.05,7
Tomato,16.58,18.83,-1399.8,83.86,7
Tomato,19.75,17.32,-1353.67,80.27,7
Tomato,19.15,15.41,-1302.98,81.97,7
Tomato,10.46,18.05,-1345.64,70.95,7
Tomato,10.5,17.47,-1348.51,79.45,7
Tomato,19.38,18.5,-1327.05,80.42,7
Tomato,16.76,19.28,-1372.94,73.8,7
Tomato,15.42,19.1,-1407.17,80.26,7
Tomato,15.37,16.39,-1405.77,75.54,7
Tomato,19.2,15.55,-1395.48,73.14,7
Tomato,11.24,17.09,-1311.16,83.5,4
Tomato,16.26,17.9,-1461.14,83.4,4
Tomato,12.59,18.9,-1348.77,76.77,4
Tomato,18.46,15.68,-1412.81,76.97,4
Tomato,19.0,15.44,-1452.2,76.89,4
Tomato,11.34,15.2,-1345.13,74.87,4
Tomato,11.38,15.1,-1327.68,82.72,4
Tomato,15.17,15.29,-1491.02,71.08,4
Tomato,16.99,16.02,-1369.25,82.62,4
Tomato,14.28,18.7,-1338.61,71.41,4
Tomato,11.94,15.87,-1395.12,76.09,4
Tomato,19.81,15.57,-1499.47,84.52,4
Tomato,16.38,18.9,-1415.46,78.18,4
Tomato,18.41,16.49,-1315.67,83.42,4
Tomato,18.31,16.57,-1357.58,73.87,4
Tomato,13.89,19.54,-1486.95,79.48,4
Tomato,18.6,15.85,-1473.52,80.75,4
Tomato,19.47,18.68,-1398.85,84.07,4
Tomato,13.0,17.87,-1301.51,80.39,4
Tomato,12.36,17.56,-1339.68,77.62,4
Tomato,11.36,15.78,-1428.95,73.87,4
Tomato,18.43,17.59,-1474.16,81.98,4
Tomato,17.72,16.87,-1440.1,73.3,4
Tomato,14.02,18.53,-1442.24,83.68,4
Tomato,19.06,18.71,-1334.49,70.37,4
Tomato,14.25,16.46,-1310.88,70.1,4
Tomato,15.93,16.18,-1381.44,72.7,4
Tomato,18.56,15.31,-1443.22,79.04,4
Tomato,12.69,15.17,-1451.41,82.24,4
Tomato,15.27,19.27,-1439.43,74.28,4
Tomato,19.65,19.44,-1476.46,76.02,4
Tomato,12.6,17.91,-1408.56,83.0,4
Tomato,17.94,16.26,-1314.47,79.73,4
Tomato,11.99,15.23,-1343.51,79.35,4
Tomato,17.3,18.06,-1495.98,78.17,4
Tomato,17.41,18.97,-1446.27,79.37,4
Tomato,12.98,19.69,-1328.66,70.13,4
Tomato,11.81,19.7,-1447.33,70.7,4
Tomato,12.55,19.09,-1480.4,71.62,4
Tomato,19.97,17.2,-1496.46,71.6,4
Tomato,13.71,18.76,-1446.04,70.56,4
Tomato,12.34,19.04,-1481.04,78.9,4
Tomato,14.99,19.39,-1304.84,70.23,4
Tomato,10.26,15.07,-1494.53,76.41,4
Tomato,12.25,17.04,-1347.11,72.45,4
Tomato,18.7,17.78,-1410.5,72.42,4
Tomato,19.2,19.7,-1482.6,84.94,4
Tomato,18.22,19.6,-1467.17,81.11,4
Tomato,15.16,19.54,-1454.12,74.48,4
Tomato,16.72,15.93,-1315.56,75.1,4
Tomato,12.77,19.92,-1361.3,80.45,1
Tomato,17.5,17.5,-1446.6,80.76,1
Tomato,10.42,19.64,-1474.69,77.57,1
Tomato,15.15,19.18,-1473.49,75.83,1
Tomato,17.83,19.39,-1482.55,72.35,1
Tomato,14.13,15.01,-1381.42,80.16,1
Tomato,19.17,18.09,-1389.65,79.63,1
Tomato,17.06,16.05,-1344.23,76.93,1
Tomato,11.61,17.82,-1457.96,76.46,1
Tomato,17.74,17.44,-1452.21,73.93,1
Tomato,18.1,16.87,-1321.46,77.39,1
Tomato,19.34,19.08,-1467.72,70.55,1
Tomato,15.48,15.43,-1354.55,76.51,1
Tomato,10.85,17.03,-1366.13,81.01,1
Tomato,10.76,15.66,-1385.73,74.51,1
Tomato,11.39,15.04,-1388.33,70.74,1
Tomato,11.84,16.1,-1404.68,73.04,1
Tomato,10.05,17.67,-1393.1,77.99,1
Tomato,11.29,17.76,-1432.65,77.21,1
Tomato,16.9,19.14,-1317.54,83.1,1
Tomato,19.53,17.08,-1499.56,75.76,1
Tomato,11.85,15.77,-1334.25,73.87,1
Tomato,17.15,15.07,-1369.15,80.38,1
Tomato,17.42,18.07,-1321.02,74.4,1
Tomato,16.17,15.14,-1489.57,81.64,1
Tomato,10.41,17.52,-1499.76,75.33,1
Tomato,13.49,17.12,-1472.2,80.73,1
Tomato,13.53,15.91,-1300.56,78.21,1
Tomato,12.0,17.1,-1366.32,76.74,1
Tomato,16.79,15.28,-1314.04,84.12,1
Tomato,10.63,16.34,-1467.21,75.48,1
Tomato,17.75,15.75,-1303.25,72.2,1
Tomato,16.59,16.1,-1348.8,79.02,1
Tomato,14.06,15.87,-1354.73,80.85,1
Tomato,13.88,17.58,-1380.44,83.61,1
Tomato,18.04,16.78,-1364.1,82.47,1
Tomato,17.69,19.2,-1474.19,79.64,1
Tomato,16.51,18.08,-1343.64,74.61,1
Tomato,18.54,17.67,-1480.77,70.58,1
Tomato,13.86,19.97,-1325.18,73.42,1
Tomato,14.43,18.13,-1470.77,79.89,1
Tomato,14.47,16.74,-1330.5,82.4,1
Tomato,14.86,18.98,-1355.05,79.09,1
Tomato,13.38,16.78,-1432.57,72.41,1
Tomato,13.1,16.96,-1422.84,78.8,1
Tomato,10.01,18.38,-1486.17,82.57,1
Tomato,16.15,16.42,-1433.19,73.49,1
Tomato,15.56,15.61,-1337.74,80.14,1
Tomato,16.78,16.35,-1326.25,76.94,1
Tomato,10.37,18.27,-1453.33,77.46,1
Potato,35.84,12.25,-1133.61,95.23,10
Potato,35.85,12.49,-1116.79,95.29,10
Potato,37.06,10.47,-1004.1,94.82,10
Potato,39.63,11.59,-1048.88,93.43,10
Potato,36.78,10.85,-1165.2,98.7,10
Potato,38.99,14.51,-1126.7,97.7,10
Potato,35.11,10.08,-1031.44,92.21,10
Potato,32.48,10.17,-1022.86,91.62,10
Potato,36.91,11.64,-1111.54,92.85,10
Potato,38.68,11.33,-1148.65,99.17,10
Potato,31.95,11.4,-1148.95,90.97,10
Potato,34.85,12.58,-1031.78,96.33,10
Potato,32.34,10.37,-1003.05,96.8,10
Potato,34.27,12.85,-1148.81,99.43,10
Potato,39.72,11.6,-1109.32,97.13,10
Potato,32.4,11.26,-1017.56,93.4,10
Potato,38.07,11.24,-1103.03,96.63,10
Potato,32.77,11.02,-1061.11,97.28,10
Potato,31.09,11.25,-1119.98,94.46,10
Potato,36.67,10.82,-1189.44,92.41,10
Potato,35.03,13.99,-1197.06,91.46,10
Potato,34.38,11.04,-1199.79,95.54,10
Potato,37.45,12.95,-1117.15,92.58,10
Potato,38.32,12.58,-1007.43,97.02,10
Potato,34.2,10.59,-1162.51,99.96,10
Potato,35.88,11.15,-1045.27,99.96,10
Potato,36.95,10.36,-1017.79,93.92,10
Potato,30.14,14.24,-1036.76,91.9,10
Potato,31.47,12.19,-1160.27,96.83,10
Potato,34.09,10.62,-1069.04,99.08,10
Potato,32.54,11.97,-1136.01,99.54,10
Potato,31.54,11.6,-1174.28,93.31,10
Potato,32.81,13.71,-1005.62,96.67,10
Potato,37.08,14.3,-1063.07,99.1,10
Potato,32.32,14.86,-1099.12,96.83,10
Potato,33.78,11.88,-1162.9,95.02,10
Potato,35.28,14.92,-1083.84,93.08,10
Potato,36.3,13.32,-1163.68,97.86,10
Potato,35.86,11.36,-1069.84,90.3,10
Potato,31.11,12.49,-1130.85,98.38,10
Potato,30.7,11.14,-1105.65,95.23,10
Potato,33.88,14.91,-1035.38,94.82,10
Potato,38.01,11.89,-1002.47,92.17,10
Potato,34.4,13.68,-1051.9,96.38,10
Potato,34.25,14.17,-1073.36,91.67,10
Potato,34.7,12.13,-1109.94,96.13,10
Potato,34.14,10.35,-1176.92,99.65,10
Potato,31.77,13.35,-1154.27,92.84,10
Potato,32.51,12.48,-1110.22,99.91,10
Potato,31.87,11.99,-1133.15,93.55,10
Potato,19.38,19.27,-1439.28,77.82,7
Potato,17.87,16.85,-1374.99,82.71,7
Potato,15.69,19.3,-1409.87,76.53,7
Potato,15.39,16.14,-1388.79,77.09,7
Potato,16.91,18.19,-1331.81,79.43,7
Potato,14.24,18.62,-1392.96,82.81,7
Potato,11.41,19.19,-1463.37,76.75,7
Potato,10.56,18.92,-1332.36,83.38,7
Potato,15.99,16.28,-1335.72,70.24,7
Potato,10.63,15.04,-1430.97,73.16,7
Potato,16.42,19.93,-1453.84,78.74,7
Potato,13.52,16.88,-1341.05,84.63,7
Potato,14.72,15.2,-1423.18,70.82,7
Potato,18.5,17.64,-1443.38,84.02,7
Potato,15.16,18.51,-1424.4,84.14,7
Potato,11.8,15.55,-1446.02,77.58,7
Potato,15.46,15.45,-1407.29,75.81,7
Potato,11.98,17.48,-1330.15,81.98,7
Potato,10.31,16.74,-1424.28,76.51,7
Potato,17.35,15.7,-1324.06,83.4,7
Potato,10.3,17.58,-1488.44,78.96,7
Potato,14.69,19.08,-1300.3,76.49,7
Potato,13.29,16.8,-1430.66,78.81,7
Potato,10.76,17.0,-1483.93,77.58,7
Potato,16.56,17.61,-1361.89,83.69,7
Potato,10.62,15.71,-1381.13,81.64,7
Potato,17.55,16.84,-1361.2,71.06,7
Potato,14.6,15.29,-1394.83,71.03,7
Potato,18.1,15.15,-1313.13,84.44,7
Potato,11.48,18.9,-1485.63,76.67,7
Potato,11.38,19.56,-1398.55,71.2,7
Potato,19.03,19.05,-1352.06,72.98,7
Potato,18.68,17.39,-1397.45,79.98,7
Potato,13.69,15.51,-1407.88,79.02,7
Potato,17.25,17.55,-1416.31,71.9,7
Potato,14.41,15.65,-1430.69,80.54,7
Potato,11.31,17.36,-1314.5,78.28,7
Potato,18.54,18.72,-1439.82,82.22,7
Potato,16.21,15.47,-1360.05,73.96,7
Potato,18.6,17.16,-1480.09,82.66,7
Potato,16.25,17.11,-1430.92,74.78,7
Potato,18.63,18.36,-1342.93,75.6,7
Potato,19.29,16.66,-1462.05,81.42,7
Potato,16.5,16.06,-1473.03,84.57,7
Potato,13.92,19.9,-1470.1,72.38,7
Potato,12.57,19.68,-1364.66,84.13,7
Potato,17.65,15.69,-1372.06,78.76,7
Potato,10.44,19.98,-1418.32,78.03,7
Potato,14.38,19.92,-1316.2,73.88,7
Potato,15.34,18.79,-1437.88,70.36,7
Potato,12.96,16.19,-1368.63,79.95,4
Potato,10.75,17.09,-1497.86,70.8,4
Potato,17.46,17.73,-1347.46,84.9,4
Potato,10.64,16.68,-1410.67,81.07,4
Potato,14.68,16.94,-1356.82,82.95,4
Potato,15.7,15.43,-1360.82,71.12,4
Potato,11.52,15.41,-1451.45,76.07,4
Potato,18.34,15.39,-1389.27,79.7,4
Potato,11.61,18.64,-1311.82,71.19,4
Potato,14.88,15.3,-1435.49,75.88,4
Potato,14.32,19.18,-1372.81,72.32,4
Potato,12.88,15.81,-1454.27,70.24,4
Potato,15.15,18.58,-1428.72,77.26,4
Potato,13.0,15.85,-1429.73,81.99,4
Potato,13.65,16.0,-1320.7,78.25,4
Potato,14.87,17.73,-1460.72,70.61,4
Potato,14.43,16.09,-1462.03,82.45,4
Potato,15.54,18.38,-1372.37,73.35,4
Potato,19.14,17.6,-1428.24,73.81,4
Potato,10.19,15.66,-1303.55,79.83,4
Potato,11.59,15.14,-1361.04,83.51,4
Potato,10.46,18.16,-1470.11,71.35,4
Potato,15.43,17.27,-1457.95,81.5,4
Potato,16.62,16.55,-1335.4,79.83,4
Potato,18.33,19.8,-1384.17,78.81,4
Potato,18.78,19.09,-1440.48,71.29,4
Potato,13.83,19.0,-1485.49,75.32,4
Potato,10.7,18.86,-1331.06,77.02,4
Potato,17.5,15.67,-1392.73,74.72,4
Potato,13.07,16.78,-1452.15,78.83,4
Potato,15.97,19.14,-1365.07,77.94,4
Potato,19.88,16.04,-1493.58,71.13,4
Potato,14.58,15.0,-1382.16,72.3,4
Potato,19.17,15.72,-1462.92,72.98,4
Potato,17.33,17.86,-1455.02,77.63,4
Potato,19.57,18.14,-1495.31,73.8,4
Potato,10.41,17.25,-1382.1,72.89,4
Potato,11.06,15.64,-1478.8,84.11,4
Potato,16.21,15.3,-1428.73,73.17,4
Potato,11.35,15.85,-1303.96,83.9,4
Potato,14.04,19.11,-1380.19,83.67,4
Potato,16.02,15.82,-1396.69,73.27,4
Potato,15.04,15.06,-1443.2,74.16,4
Potato,18.69,15.02,-1424.18,73.29,4
Potato,11.16,18.02,-1327.82,76.69,4
Potato,19.78,15.62,-1412.22,83.41,4
Potato,18.97,15.75,-1439.38,75.44,4
Potato,12.91,16.01,-1329.6,83.68,4
Potato,19.96,15.02,-1431.69,83.77,4
Potato,14.4,19.43,-1421.34,84.33,4
Potato,20.0,15.9,-1464.58,73.77,1
Potato,19.39,17.98,-1424.39,77.88,1
Potato,17.23,16.41,-1330.88,77.16,1
Potato,11.84,18.17,-1328.08,84.84,1
Potato,15.72,17.87,-1308.45,71.92,1
Potato,11.28,15.18,-1419.84,82.94,1
Potato,13.44,19.24,-1306.04,80.54,1
Potato,12.57,18.22,-1400.93,81.11,1
Potato,18.36,15.02,-1429.1,84.51,1
Potato,17.84,19.12,-1333.93,78.54,1
Potato,16.3,16.24,-1481.75,77.42,1
Potato,10.23,19.42,-1430.52,79.58,1
Potato,11.3,19.09,-1479.66,84.78,1
Potato,10.17,16.35,-1396.22,72.06,1
Potato,10.34,18.19,-1391.29,72.94,1
Potato,12.72,18.21,-1341.53,78.06,1
Potato,16.85,15.09,-1319.12,72.34,1
Potato,19.09,19.06,-1310.49,81.6,1
Potato,12.33,17.22,-1425.73,75.87,1
Potato,12.52,16.33,-1316.97,84.27,1
Potato,14.9,19.0,-1416.84,73.89,1
Potato,14.66,19.24,-1433.3,76.32,1
Potato,12.03,15.03,-1339.41,70.18,1
Potato,16.85,16.23,-1355.74,81.35,1
Potato,16.35,17.6,-1380.54,76.59,1
Potato,10.92,18.24,-1311.48,70.09,1
Potato,15.95,15.3,-1335.54,79.12,1
Potato,19.01,15.13,-1313.85,72.1,1
Potato,13.48,16.13,-1460.27,73.85,1
Potato,10.21,17.79,-1368.39,81.13,1
Potato,11.83,15.3,-1425.26,77.42,1
Potato,13.48,18.09,-1449.52,83.69,1
Potato,11.0,17.13,-1410.07,80.83,1
Potato,11.57,18.8,-1493.87,84.75,1
Potato,19.01,18.51,-1477.45,83.56,1
Potato,20.0,15.58,-1308.71,79.94,1
Potato,11.9,17.41,-1412.35,82.83,1
Potato,16.18,19.08,-1364.82,82.89,1
Potato,16.0,16.0,-1434.46,72.01,1
Potato,12.07,16.46,-1480.44,76.82,1
Potato,18.08,19.51,-1364.01,70.36,1
Potato,19.03,18.43,-1361.15,83.35,1
Potato,15.39,17.37,-1424.7,82.05,1
Potato,11.39,19.78,-1313.14,76.87,1
Potato,10.55,17.35,-1463.98,76.67,1
Potato,10.81,18.18,-1427.03,75.82,1
Potato,15.73,19.87,-1407.05,76.28,1
Potato,18.42,19.81,-1435.67,83.77,1
Potato,12.05,18.09,-1410.83,71.01,1
Potato,16.83,18.24,-1315.67,71.77,1
Carrot,37.91,10.39,-1152.4,99.51,10
Carrot,35.33,12.15,-1188.35,97.36,10
Carrot,30.24,11.39,-1103.13,93.59,10
Carrot,36.98,13.53,-1023.66,98.82,10
Carrot,37.56,14.86,-1025.49,96.4,10
Carrot,34.95,13.98,-1089.72,93.67,10
Carrot,36.97,13.74,-1046.74,99.05,10
Carrot,36.22,11.19,-1049.09,98.91,10
Carrot,35.02,11.19,-1161.11,99.29,10
Carrot,30.98,11.54,-1008.4,90.33,10
Carrot,32.23,12.28,-1114.15,95.88,10
Carrot,32.83,10.98,-1074.65,95.56,10
Carrot,33.69,10.28,-1069.58,92.82,10
Carrot,33.21,14.79,-1124.12,92.45,10
Carrot,30.72,14.06,-1003.41,99.62,10
Carrot,34.82,10.73,-1158.05,96.53,10
Carrot,34.37,11.91,-1064.52,93.98,10
Carrot,32.77,11.51,-1115.57,99.01,10
Carrot,33.38,11.14,-1090.36,95.49,10
Carrot,31.22,13.21,-1059.85,91.39,10
Carrot,35.54,13.43,-1077.91,93.14,10
Carrot,39.06,12.09,-1044.86,94.87,10
Carrot,38.88,10.43,-1048.78,93.81,10
Carrot,35.05,14.83,-1047.98,96.97,10
Carrot,34.05,14.28,-1072.18,90.68,10
Carrot,36.81,12.13,-1002.4,95.83,10
Carrot,31.85,11.52,-1164.51,98.39,10
Carrot,35.61,13.17,-1132.5,92.15,10
Carrot,39.58,10.63,-1048.92,91.52,10
Carrot,31.54,14.08,-1111.39,95.9,10
Carrot,34.99,14.05,-1036.1,97.44,10
Carrot,39.23,10.88,-1109.07,93.63,10
Carrot,30.3,13.05,-1007.74,93.23,10
Carrot,34.5,10.98,-1027.83,93.23,10
Carrot,34.09,14.78,-1111.81,90.54,10
Carrot,37.09,11.28,-1002.49,94.43,10
Carrot,38.71,11.08,-1009.94,91.94,10
Carrot,38.76,14.39,-1128.44,94.81,10
Carrot,35.09,14.77,-1035.25,92.78,10
Carrot,33.2,11.99,-1151.78,96.61,10
Carrot,30.91,13.65,-1092.99,91.27,10
Carrot,35.01,12.28,-1105.83,97.88,10
Carrot,37.4,14.48,-1029.04,96.17,10
Carrot,32.31,10.19,-1053.72,94.9,10
Carrot,31.64,13.34,-1169.16,90.53,10
Carrot,30.73,13.02,-1084.65,96.96,10
Carrot,35.54,14.91,-1117.96,98.87,10
Carrot,32.02,12.24,-1059.03,98.22,10
Carrot,39.84,11.71,-1055.48,91.31,10
Carrot,37.71,13.07,-1133.03,96.51,10
Carrot,15.01,16.2,-1417.37,79.38,7
Carrot,18.79,15.8,-1451.43,76.13,7
Carrot,11.93,17.72,-1312.86,74.74,7
Carrot,18.57,16.11,-1458.81,76.99,7
Carrot,16.09,15.33,-1480.41,75.43,7
Carrot,18.29,15.6,-1382.8,74.5,7
Carrot,18.74,19.05,-1494.68,76.89,7
Carrot,12.03,16.89,-1404.11,81.95,7
Carrot,11.99,17.52,-1471.08,71.02,7
Carrot,12.38,15.59,-1348.91,72.92,7
Carrot,16.65,15.57,-1337.76,71.55,7
Carrot,14.28,18.98,-1321.38,71.3,7
Carrot,12.38,16.15,-1467.01,84.83,7
Carrot,17.52,15.28,-1311.79,80.64,7
Carrot,16.65,19.01,-1392.65,72.57,7
Carrot,11.87,18.71,-1457.48,84.04,7
Carrot,15.14,15.19,-1304.75,71.96,7
Carrot,13.31,19.77,-1406.52,72.26,7
Carrot,19.35,15.49,-1478.8,78.17,7
Carrot,10.17,16.43,-1392.64,70.51,7
Carrot,14.91,19.61,-1329.98,77.4,7
Carrot,18.29,15.34,-1376.99,71.72,7
Carrot,17.84,15.22,-1412.98,75.17,7
Carrot,18.27,17.08,-1424.29,83.43,7
Carrot,17.11,18.78,-1323.62,81.2,7
Carrot,14.32,16.3,-1416.72,71.99,7
Carrot,16.43,19.93,-1397.86,73.95,7
Carrot,13.78,17.3,-1403.2,70.27,7
Carrot,10.67,17.57,-1491.19,74.07,7
Carrot,14.36,17.89,-1455.22,83.88,7
Carrot,19.1,17.25,-1375.62,81.26,7
Carrot,13.4,17.86,-1326.84,79.26,7
Carrot,15.05,18.91,-1320.34,80.01,7
Carrot,15.61,16.97,-1305.95,71.42,7
Carrot,17.47,16.18,-1411.41,84.52,7
Carrot,18.48,18.95,-1345.11,71.14,7
Carrot,12.8,18.86,-1468.98,70.65,7
Carrot,10.35,19.06,-1398.05,71.63,7
Carrot,18.34,18.6,-1349.13,84.53,7
Carrot,18.48,16.68,-1372.36,73.47,7
Carrot,13.58,18.76,-1383.63,72.67,7
Carrot,12.35,17.98,-1316.18,79.58,7
Carrot,19.57,16.12,-1334.05,77.87,7
Carrot,14.16,15.45,-1465.82,72.24,7
Carrot,13.85,15.95,-1487.31,73.74,7
Carrot,10.45,16.13,-1322.25,71.76,7
Carrot,11.47,19.46,-1424.03,79.55,7
Carrot,18.43,19.75,-1389.79,80.97,7
Carrot,16.29,16.6,-1385.81,73.68,7
Carrot,14.93,16.74,-1382.04,80.84,7
Carrot,19.63,16.23,-1488.19,83.75,4
Carrot,12.23,18.59,-1421.54,82.13,4
Carrot,18.78,15.01,-1337.97,78.13,4
Carrot,12.88,18.79,-1386.72,83.65,4
Carrot,16.94,15.33,-1405.73,74.59,4
Carrot,18.63,18.69,-1342.38,72.53,4
Carrot,12.42,15.84,-1441.56,71.18,4
Carrot,11.66,19.7,-1335.82,78.37,4
Carrot,18.97,19.37,-1329.32,70.07,4
Carrot,13.53,17.12,-1483.54,75.89,4
Carrot,15.64,19.72,-1380.34,84.86,4
Carrot,11.98,18.44,-1383.75,83.34,4
Carrot,19.78,16.78,-1482.43,82.33,4
Carrot,16.43,19.51,-1324.82,77.64,4
Carrot,15.81,17.81,-1428.83,72.88,4
Carrot,10.77,18.12,-1487.46,82.56,4
Carrot,15.26,19.01,-1476.47,79.67,4
Carrot,19.97,19.07,-1319.15,77.58,4
Carrot,19.98,19.88,-1390.43,78.6,4
Carrot,17.95,16.81,-1327.17,72.36,4
Carrot,17.2,16.48,-1375.77,75.23,4
Carrot,10.84,15.13,-1312.58,75.12,4
Carrot,18.08,18.44,-1358.04,70.02,4
Carrot,12.28,17.96,-1385.38,71.21,4
Carrot,15.56,15.68,-1487.42,83.45,4
Carrot,10.83,19.01,-1401.74,80.68,4
Carrot,19.18,17.17,-1327.13,79.77,4
Carrot,11.56,19.52,-1328.63,77.31,4
Carrot,15.91,19.15,-1309.68,83.17,4
Carrot,11.44,19.75,-1301.89,70.01,4
Carrot,14.66,18.26,-1384.12,78.12,4
Carrot,18.81,16.44,-1337.54,79.52,4
Carrot,17.89,18.64,-1457.27,74.11,4
Carrot,15.28,18.33,-1439.39,76.93,4
Carrot,14.79,17.88,-1302.49,83.44,4
Carrot,11.04,15.14,-1409.59,78.0,4
Carrot,10.45,17.3,-1428.01,72.85,4
Carrot,18.58,19.97,-1393.07,84.92,4
Carrot,11.44,18.85,-1460.79,71.29,4
Carrot,17.2,17.97,-1383.31,78.04,4
Carrot,17.59,19.9,-1482.67,81.08,4
Carrot,12.46,16.4,-1452.46,75.43,4
Carrot,10.78,17.94,-1492.41,72.03,4
Carrot,15.5,19.25,-1363.14,75.67,4
Carrot,19.27,18.89,-1473.48,73.75,4
Carrot,18.9,15.02,-1405.58,74.29,4
Carrot,19.66,17.81,-1426.16,76.03,4
Carrot,19.44,15.43,-1361.93,72.18,4
Carrot,14.61,18.5,-1465.43,76.51,4
Carrot,15.81,18.99,-1359.67,80.54,4
Carrot,10.17,18.3,-1480.52,71.91,1
Carrot,16.67,17.62,-1366.7,77.52,1
Carrot,15.05,15.45,-1337.71,71.42,1
Carrot,16.29,16.29,-1456.51,81.24,1
Carrot,13.82,17.76,-1300.54,80.57,1
Carrot,17.57,19.65,-1406.38,79.43,1
Carrot,14.09,19.12,-1378.84,74.99,1
Carrot,17.11,15.37,-1438.08,84.19,1
Carrot,14.32,18.77,-1335.37,78.67,1
Carrot,13.67,18.4,-1396.74,79.13,1
Carrot,13.8,18.9,-1424.03,71.18,1
Carrot,15.29,16.5,-1487.52,78.86,1
Carrot,15.05,17.96,-1320.37,77.18,1
Carrot,10.54,15.66,-1412.62,71.26,1
Carrot,13.39,16.69,-1446.41,83.11,1
Carrot,14.19,17.08,-1374.0,80.1,1
Carrot,13.19,16.81,-1448.77,76.09,1
Carrot,12.81,19.97,-1409.63,81.29,1
Carrot,19.72,18.45,-1385.93,72.37,1
Carrot,16.21,17.34,-1449.74,81.78,1
Carrot,16.62,19.85,-1411.05,79.59,1
Carrot,16.6,17.97,-1403.59,79.1,1
Carrot,11.12,19.97,-1454.77,71.94,1
Carrot,16.53,19.2,-1442.74,72.28,1
Carrot,15.93,19.75,-1382.28,73.28,1
Carrot,18.51,18.06,-1373.03,72.24,1
Carrot,13.77,16.9,-1415.96,70.52,1
Carrot,10.28,17.56,-1355.74,79.27,1
Carrot,17.99,16.71,-1383.6,83.55,1
Carrot,17.22,15.93,-1390.35,81.08,1
Carrot,18.08,19.32,-1462.24,84.93,1
Carrot,19.97,15.22,-1313.93,78.11,1
Carrot,19.68,17.99,-1417.3,77.18,1
Carrot,17.3,18.42,-1414.98,76.19,1
Carrot,14.34,16.87,-1330.74,81.98,1
Carrot,11.0,16.47,-1381.97,70.49,1
Carrot,10.4,18.84,-1300.76,84.41,1
Carrot,18.48,16.61,-1397.3,75.77,1
Carrot,12.77,19.1,-1394.54,77.99,1
Carrot,13.01,16.12,-1388.8,75.43,1
Carrot,11.18,19.23,-1482.17,79.47,1
Carrot,16.3,15.52,-1321.01,71.01,1
Carrot,17.19,16.34,-1389.33,79.24,1
Carrot,14.97,18.29,-1391.64,77.12,1
Carrot,14.77,19.6,-1489.48,77.0,1
Carrot,19.83,16.28,-1319.62,77.41,1
Carrot,12.32,15.54,-1403.32,80.74,1
Carrot,16.33,15.19,-1417.28,78.48,1
Carrot,13.92,16.14,-1345.96,73.9,1
Carrot,18.96,17.21,-1377.59,71.84,1
